"id","grupo","tempo","resultado"
1,"Placebo","antes",20
1,"Placebo","no_dia",23
1,"Placebo","semana_2",21
1,"Placebo","semana_4",19
1,"Placebo","semana_6",15
2,"Placebo","antes",16
2,"Placebo","no_dia",15
2,"Placebo","semana_2",14
2,"Placebo","semana_4",12
2,"Placebo","semana_6",15
3,"Placebo","antes",15
3,"Placebo","no_dia",15
3,"Placebo","semana_2",11
3,"Placebo","semana_4",11
3,"Placebo","semana_6",14
4,"Placebo","antes",18
4,"Placebo","no_dia",10
4,"Placebo","semana_2",16
4,"Placebo","semana_4",11
4,"Placebo","semana_6",30
5,"Placebo","antes",12
5,"Placebo","no_dia",14
5,"Placebo","semana_2",13
5,"Placebo","semana_4",9
5,"Placebo","semana_6",7
6,"Placebo","antes",17
6,"Placebo","no_dia",18
6,"Placebo","semana_2",17
6,"Placebo","semana_4",16
6,"Placebo","semana_6",16
7,"Placebo","antes",15
7,"Placebo","no_dia",16
7,"Placebo","semana_2",14
7,"Placebo","semana_4",9
7,"Placebo","semana_6",12
8,"Placebo","antes",23
8,"Placebo","no_dia",22
8,"Placebo","semana_2",16
8,"Placebo","semana_4",17
8,"Placebo","semana_6",25
9,"Placebo","antes",17
9,"Placebo","no_dia",12
9,"Placebo","semana_2",12
9,"Placebo","semana_4",11
9,"Placebo","semana_6",17
10,"Placebo","antes",24
10,"Placebo","no_dia",20
10,"Placebo","semana_2",12
10,"Placebo","semana_4",12
10,"Placebo","semana_6",13
11,"Placebo","antes",16
11,"Placebo","no_dia",24
11,"Placebo","semana_2",21
11,"Placebo","semana_4",22
11,"Placebo","semana_6",23
12,"Placebo","antes",19
12,"Placebo","no_dia",22
12,"Placebo","semana_2",26
12,"Placebo","semana_4",20
12,"Placebo","semana_6",22
13,"Placebo","antes",19
13,"Placebo","no_dia",22
13,"Placebo","semana_2",23
13,"Placebo","semana_4",20
13,"Placebo","semana_6",18
14,"Placebo","antes",20
14,"Placebo","no_dia",22
14,"Placebo","semana_2",23
14,"Placebo","semana_4",23
14,"Placebo","semana_6",34
15,"Placebo","antes",11
15,"Placebo","no_dia",11
15,"Placebo","semana_2",11
15,"Placebo","semana_4",11
15,"Placebo","semana_6",11
16,"Placebo","antes",14
16,"Placebo","no_dia",16
16,"Placebo","semana_2",13
16,"Placebo","semana_4",4
16,"Placebo","semana_6",3
17,"Placebo","antes",23
17,"Placebo","no_dia",21
17,"Placebo","semana_2",19
17,"Placebo","semana_4",13
17,"Placebo","semana_6",17
18,"Placebo","antes",26
18,"Placebo","no_dia",25
18,"Placebo","semana_2",26
18,"Placebo","semana_4",27
18,"Placebo","semana_6",25
19,"Placebo","antes",14
19,"Placebo","no_dia",12
19,"Placebo","semana_2",11
19,"Placebo","semana_4",11
19,"Placebo","semana_6",10
20,"Placebo","antes",9
20,"Placebo","no_dia",4
20,"Placebo","semana_2",5
20,"Placebo","semana_4",3
20,"Placebo","semana_6",1
21,"Placebo","antes",24
21,"Placebo","no_dia",21
21,"Placebo","semana_2",20
21,"Placebo","semana_4",23
21,"Placebo","semana_6",21
22,"Experimental","antes",21
22,"Experimental","no_dia",19
22,"Experimental","semana_2",19
22,"Experimental","semana_4",18
22,"Experimental","semana_6",15
23,"Experimental","antes",17
23,"Experimental","no_dia",21
23,"Experimental","semana_2",14
23,"Experimental","semana_4",16
23,"Experimental","semana_6",12
24,"Experimental","antes",19
24,"Experimental","no_dia",19
24,"Experimental","semana_2",19
24,"Experimental","semana_4",16
24,"Experimental","semana_6",21
25,"Experimental","antes",15
25,"Experimental","no_dia",14
25,"Experimental","semana_2",13
25,"Experimental","semana_4",15
25,"Experimental","semana_6",13
26,"Experimental","antes",9
26,"Experimental","no_dia",14
26,"Experimental","semana_2",11
26,"Experimental","semana_4",11
26,"Experimental","semana_6",11
27,"Experimental","antes",9
27,"Experimental","no_dia",9
27,"Experimental","semana_2",10
27,"Experimental","semana_4",19
27,"Experimental","semana_6",24
28,"Experimental","antes",18
28,"Experimental","no_dia",23
28,"Experimental","semana_2",15
28,"Experimental","semana_4",13
28,"Experimental","semana_6",10
29,"Experimental","antes",15
29,"Experimental","no_dia",18
29,"Experimental","semana_2",12
29,"Experimental","semana_4",6
29,"Experimental","semana_6",2
30,"Experimental","antes",20
30,"Experimental","no_dia",15
30,"Experimental","semana_2",20
30,"Experimental","semana_4",14
30,"Experimental","semana_6",17
31,"Experimental","antes",28
31,"Experimental","no_dia",26
31,"Experimental","semana_2",26
31,"Experimental","semana_4",26
31,"Experimental","semana_6",33
32,"Experimental","antes",13
32,"Experimental","no_dia",18
32,"Experimental","semana_2",19
32,"Experimental","semana_4",17
32,"Experimental","semana_6",15
33,"Experimental","antes",18
33,"Experimental","no_dia",20
33,"Experimental","semana_2",11
33,"Experimental","semana_4",15
33,"Experimental","semana_6",14
34,"Experimental","antes",29
34,"Experimental","no_dia",28
34,"Experimental","semana_2",28
34,"Experimental","semana_4",24
34,"Experimental","semana_6",25
35,"Experimental","antes",12
35,"Experimental","no_dia",14
35,"Experimental","semana_2",9
35,"Experimental","semana_4",13
35,"Experimental","semana_6",12
36,"Experimental","antes",9
36,"Experimental","no_dia",10
36,"Experimental","semana_2",18
36,"Experimental","semana_4",10
36,"Experimental","semana_6",12
37,"Experimental","antes",0
37,"Experimental","no_dia",0
37,"Experimental","semana_2",0
37,"Experimental","semana_4",0
37,"Experimental","semana_6",0
38,"Experimental","antes",8
38,"Experimental","no_dia",8
38,"Experimental","semana_2",11
38,"Experimental","semana_4",8
38,"Experimental","semana_6",8
39,"Experimental","antes",25
39,"Experimental","no_dia",26
39,"Experimental","semana_2",28
39,"Experimental","semana_4",25
39,"Experimental","semana_6",24
40,"Experimental","antes",2
40,"Experimental","no_dia",1
40,"Experimental","semana_2",0
40,"Experimental","semana_4",0
40,"Experimental","semana_6",0
